split,token_length,count
train,8,1
train,11,1
train,12,2
train,13,1
train,14,4
train,15,9
train,16,8
train,17,14
train,18,33
train,19,55
train,20,62
train,21,99
train,22,136
train,23,192
train,24,281
train,25,393
train,26,483
train,27,589
train,28,689
train,29,756
train,30,821
train,31,971
train,32,1107
train,33,1237
train,34,1465
train,35,1713
train,36,1962
train,37,2171
train,38,2389
train,39,2604
train,40,2843
train,41,3059
train,42,3257
train,43,3343
train,44,3384
train,45,3634
train,46,3647
train,47,3765
train,48,3898
train,49,3873
train,50,3782
train,51,3677
train,52,3679
train,53,3565
train,54,3433
train,55,3330
train,56,3107
train,57,2976
train,58,2605
train,59,2452
train,60,2199
train,61,2011
train,62,1828
train,63,1597
train,64,1409
train,65,1204
train,66,1072
train,67,909
train,68,793
train,69,696
train,70,651
train,71,539
train,72,484
train,73,410
train,74,383
train,75,303
train,76,280
train,77,258
train,78,224
train,79,203
train,80,167
train,81,141
train,82,174
train,83,160
train,84,147
train,85,143
train,86,141
train,87,125
train,88,114
train,89,95
train,90,93
train,91,97
train,92,80
train,93,72
train,94,78
train,95,58
train,96,83
train,97,85
train,98,59
train,99,57
train,100,54
train,101,44
train,102,37
train,103,41
train,104,30
train,105,41
train,106,27
train,107,42
train,108,31
train,109,26
train,110,23
train,111,15
train,112,17
train,113,18
train,114,18
train,115,19
train,116,15
train,117,22
train,118,17
train,119,6
train,120,16
train,121,9
train,122,19
train,123,8
train,124,3
train,125,3
train,126,6
train,127,7
train,128,6
train,129,12
train,130,7
train,131,7
train,132,6
train,133,7
train,134,5
train,135,7
train,136,7
train,137,4
train,138,10
train,139,7
train,140,7
train,141,6
train,142,1
train,143,9
train,144,3
train,145,2
train,146,2
train,147,7
train,148,3
train,149,7
train,151,2
train,152,2
train,153,3
train,154,4
train,155,5
train,156,4
train,157,3
train,158,6
train,159,6
train,160,5
train,161,3
train,162,5
train,163,7
train,164,6
train,165,7
train,166,3
train,167,3
train,168,7
train,169,5
train,170,5
train,171,6
train,172,7
train,173,3
train,174,6
train,175,5
train,176,2
train,177,6
train,178,1
train,179,1
train,180,2
train,181,2
train,182,2
train,183,2
train,184,1
train,185,4
train,186,1
train,187,4
train,188,3
train,189,6
train,190,4
train,191,4
train,192,5
train,193,1
train,194,1
train,195,1
train,196,3
train,197,3
train,198,3
train,199,2
train,200,2
train,201,1
train,203,3
train,204,1
train,205,1
train,206,1
train,207,2
train,208,2
train,210,3
train,212,1
train,213,1
train,214,2
train,215,5
train,216,2
train,217,2
train,218,2
train,219,1
train,220,2
train,221,1
train,222,2
train,223,1
train,224,2
train,225,1
train,226,1
train,227,5
train,228,1
train,229,1
train,230,1
train,231,1
train,232,3
train,233,2
train,234,3
train,235,2
train,236,3
train,237,1
train,238,3
train,239,2
train,240,2
train,241,1
train,242,1
train,243,2
train,244,1
train,245,1
train,247,1
train,248,1
train,252,2
train,253,1
train,254,1
train,256,2
train,257,3
train,258,2
train,259,1
train,260,4
train,261,4
train,263,3
train,264,3
train,265,5
train,266,3
train,267,2
train,268,2
train,269,4
train,270,2
train,271,3
train,272,2
train,273,2
train,274,1
train,275,3
train,276,4
train,277,4
train,279,2
train,280,2
train,281,3
train,282,4
train,285,1
train,286,2
train,287,2
train,288,2
train,289,1
train,290,3
train,291,1
train,292,3
train,293,1
train,294,3
train,295,1
train,296,1
train,297,2
train,298,2
train,300,1
train,301,1
train,302,1
train,303,8
train,304,5
train,305,4
train,306,1
train,307,2
train,308,1
train,309,3
train,310,1
train,311,4
train,312,1
train,313,2
train,314,2
train,315,1
train,316,3
train,317,1
train,318,4
train,319,2
train,320,1
train,321,2
train,322,4
train,323,3
train,325,3
train,326,1
train,327,4
train,328,1
train,329,2
train,330,3
train,331,2
train,332,1
train,333,3
train,334,4
train,335,3
train,336,3
train,337,4
train,338,4
train,339,3
train,340,2
train,341,7
train,342,1
train,343,5
train,344,2
train,345,1
train,346,1
train,347,3
train,348,3
train,349,2
train,350,3
train,351,4
train,352,1
train,353,1
train,354,2
train,356,8
train,357,2
train,359,4
train,360,1
train,361,2
train,362,6
train,363,7
train,364,4
train,365,2
train,366,2
train,367,2
train,368,1
train,369,4
train,370,1
train,371,1
train,372,1
train,373,3
train,374,2
train,375,4
train,376,1
train,378,4
train,379,3
train,380,3
train,381,2
train,382,3
train,383,3
train,384,3
train,385,2
train,386,5
train,387,3
train,388,1
train,389,6
train,390,1
train,391,3
train,392,1
train,393,2
train,394,2
train,395,2
train,396,1
train,397,2
train,398,1
train,399,4
train,400,4
train,401,1
train,402,1
train,403,1
train,404,1
train,405,1
train,406,2
train,407,2
train,408,3
train,409,1
train,410,1
train,411,1
train,413,3
train,414,2
train,416,3
train,417,1
train,418,3
train,419,1
train,420,2
train,421,3
train,423,4
train,424,4
train,425,2
train,426,1
train,427,1
train,428,2
train,429,1
train,430,3
train,431,3
train,432,1
train,433,2
train,434,2
train,435,3
train,437,2
train,438,1
train,439,2
train,440,2
train,441,2
train,442,1
train,443,2
train,444,1
train,445,1
train,446,1
train,447,1
train,448,1
train,449,1
train,450,1
train,451,1
train,452,2
train,453,2
train,454,2
train,455,2
train,456,1
train,457,2
train,458,4
train,459,2
train,460,3
train,461,2
train,462,1
train,463,2
train,464,2
train,465,1
train,466,1
train,467,1
train,469,3
train,470,3
train,472,2
train,473,2
train,475,1
train,478,1
train,479,2
train,480,1
train,481,2
train,482,1
train,483,1
train,486,2
train,487,2
train,488,1
train,489,1
train,490,3
train,492,1
train,493,2
train,494,1
train,495,2
train,496,1
train,497,3
train,498,1
train,499,1
train,500,5
train,501,2
train,503,3
train,504,1
train,505,2
train,506,2
train,507,1
train,508,1
train,511,4
train,512,4
train,513,3
train,514,3
train,515,1
train,516,2
train,518,1
train,519,2
train,520,3
train,521,1
train,522,1
train,523,1
train,525,1
train,526,1
train,527,3
train,528,1
train,530,4
train,531,2
train,532,2
train,533,3
train,534,2
train,536,1
train,537,1
train,539,1
train,540,2
train,541,1
train,542,2
train,543,2
train,545,1
train,546,2
train,547,2
train,549,1
train,551,2
train,553,3
train,556,1
train,558,1
train,559,2
train,560,1
train,562,1
train,563,3
train,564,2
train,566,1
train,567,1
train,568,1
train,569,1
train,575,1
train,576,2
train,577,1
train,579,3
train,580,2
train,582,2
train,583,1
train,584,1
train,586,1
train,587,1
train,588,2
train,589,2
train,590,1
train,592,3
train,594,5
train,596,1
train,599,1
train,600,1
train,601,1
train,602,1
train,604,1
train,605,1
train,606,2
train,611,1
train,612,1
train,613,2
train,614,1
train,615,2
train,617,2
train,618,1
train,619,2
train,622,1
train,626,2
train,628,2
train,630,1
train,637,3
train,639,2
train,641,1
train,642,2
train,643,1
train,646,1
train,650,2
train,653,1
train,654,2
train,657,1
train,658,1
train,666,1
train,667,1
train,668,1
train,671,1
train,673,1
train,674,2
train,676,1
train,682,1
train,683,1
train,686,2
train,687,1
train,689,3
train,692,1
train,693,2
train,694,1
train,695,1
train,697,1
train,698,2
train,699,1
train,700,2
train,701,2
train,706,3
train,708,1
train,711,1
train,712,1
train,714,2
train,717,1
train,719,1
train,720,2
train,721,1
train,722,2
train,733,1
train,734,1
train,736,1
train,738,1
train,740,1
train,741,2
train,743,1
train,745,1
train,746,2
train,748,1
train,751,1
train,762,4
train,763,1
train,765,1
train,766,1
train,769,1
train,775,4
train,782,1
train,783,1
train,785,2
train,789,2
train,790,1
train,795,1
train,806,2
train,808,1
train,811,1
train,815,1
train,819,1
train,820,1
train,824,1
train,828,1
train,830,2
train,832,1
train,836,1
train,839,2
train,841,2
train,844,1
train,848,1
train,851,1
train,860,1
train,865,1
train,869,1
train,871,1
train,878,1
train,879,1
train,884,1
train,885,2
train,886,1
train,894,1
train,897,1
train,898,1
train,899,1
train,902,1
train,904,1
train,905,1
train,908,1
train,914,1
train,924,2
train,925,1
train,928,1
train,929,1
train,933,1
train,934,1
train,937,1
train,939,1
train,941,1
train,948,1
train,950,1
train,959,1
train,963,1
train,972,1
train,975,1
train,976,1
train,977,1
train,987,2
train,988,1
train,995,1
train,1008,1
train,1012,1
train,1025,2
train,1035,1
train,1040,2
train,1041,1
train,1045,1
train,1047,1
train,1048,1
train,1059,1
train,1061,1
train,1083,1
train,1099,1
train,1113,1
train,1156,1
train,1160,1
train,1165,1
train,1168,1
train,1175,1
train,1220,1
train,1244,1
train,1538,1
train,1554,1
train,1729,1
train,1873,1
train,1960,1
train,3424,1
validation,12,2
validation,14,1
validation,16,4
validation,17,1
validation,19,5
validation,20,5
validation,21,9
validation,22,19
validation,23,23
validation,24,39
validation,25,47
validation,26,64
validation,27,69
validation,28,69
validation,29,76
validation,30,90
validation,31,118
validation,32,137
validation,33,146
validation,34,170
validation,35,193
validation,36,216
validation,37,273
validation,38,277
validation,39,273
validation,40,313
validation,41,342
validation,42,423
validation,43,382
validation,44,390
validation,45,387
validation,46,400
validation,47,404
validation,48,424
validation,49,414
validation,50,400
validation,51,440
validation,52,373
validation,53,420
validation,54,356
validation,55,352
validation,56,352
validation,57,293
validation,58,325
validation,59,249
validation,60,233
validation,61,198
validation,62,218
validation,63,177
validation,64,126
validation,65,138
validation,66,133
validation,67,98
validation,68,85
validation,69,74
validation,70,66
validation,71,62
validation,72,62
validation,73,39
validation,74,35
validation,75,39
validation,76,27
validation,77,28
validation,78,20
validation,79,28
validation,80,25
validation,81,15
validation,82,14
validation,83,19
validation,84,12
validation,85,12
validation,86,10
validation,87,10
validation,88,14
validation,89,19
validation,90,14
validation,91,9
validation,92,7
validation,93,8
validation,94,8
validation,95,3
validation,96,7
validation,97,7
validation,98,13
validation,99,6
validation,100,4
validation,101,1
validation,102,5
validation,104,4
validation,105,4
validation,106,3
validation,107,4
validation,108,2
validation,109,2
validation,111,5
validation,112,4
validation,113,1
validation,114,1
validation,115,2
validation,117,1
validation,119,2
validation,120,1
validation,121,1
validation,123,1
validation,124,1
validation,125,1
validation,126,2
validation,128,2
validation,129,1
validation,130,2
validation,131,2
validation,134,1
validation,135,2
validation,136,4
validation,138,1
validation,139,1
validation,140,1
validation,143,1
validation,148,1
validation,149,2
validation,152,1
validation,153,1
validation,160,1
validation,162,1
validation,164,1
validation,174,1
validation,176,1
validation,180,2
validation,181,1
validation,184,1
validation,186,1
validation,194,1
validation,196,1
validation,204,1
test,17,1
test,18,1
test,19,6
test,20,5
test,21,6
test,22,14
test,23,16
test,24,25
test,25,31
test,26,34
test,27,43
test,28,50
test,29,56
test,30,67
test,31,73
test,32,78
test,33,79
test,34,101
test,35,130
test,36,128
test,37,156
test,38,162
test,39,177
test,40,210
test,41,224
test,42,220
test,43,257
test,44,229
test,45,259
test,46,236
test,47,273
test,48,253
test,49,265
test,50,269
test,51,266
test,52,265
test,53,249
test,54,233
test,55,221
test,56,227
test,57,216
test,58,174
test,59,183
test,60,151
test,61,142
test,62,121
test,63,118
test,64,103
test,65,110
test,66,76
test,67,63
test,68,58
test,69,57
test,70,31
test,71,42
test,72,26
test,73,25
test,74,29
test,75,28
test,76,13
test,77,21
test,78,16
test,79,11
test,80,9
test,81,11
test,82,20
test,83,12
test,84,8
test,85,7
test,86,9
test,87,7
test,88,7
test,89,3
test,90,5
test,91,5
test,92,3
test,93,6
test,94,3
test,95,5
test,96,5
test,97,4
test,98,3
test,99,3
test,100,4
test,101,2
test,102,3
test,103,1
test,104,1
test,105,2
test,106,3
test,107,1
test,108,2
test,109,1
test,110,2
test,111,2
test,112,2
test,113,2
test,114,2
test,116,2
test,120,1
test,123,1
test,125,1
test,127,1
test,130,1
test,133,1
test,142,1
test,149,1
test,150,1
test,152,1
test,155,1
test,158,1
test,160,1
test,170,1
test,172,1
test,176,1
test,179,1
test,180,1
test,181,2
test,182,2
test,188,1
test,196,1
